model,benchmark,mean_gender,mean_race,p,effect_size,significance
llama3-8b,stereoset,0.3333333333333333,0.45121951219512196,0.3654650705163711,-0.23671686769559652,NS
llama3-8b,crows_pairs,0.5483870967741935,0.5507246376811594,0.9861992401265964,-0.0046514213442341015,NS
llama3-8b,bbq,0.3333333333333333,0.43103448275862066,0.32730442961912976,-0.1992729618656214,NS
mistral-7b,stereoset,0.16666666666666666,0.4268292682926829,0.040997892191982556,-0.5422242874582591,*
mistral-7b,crows_pairs,0.6451612903225806,0.7101449275362319,0.520920336448315,-0.13938966942091566,NS
mistral-7b,bbq,0.30952380952380953,0.41379310344827586,0.2907855646527697,-0.21502038958104416,NS
gemma2-9b,stereoset,0.2222222222222222,0.43902439024390244,0.09171961315657895,-0.4445704743475716,NS
gemma2-9b,crows_pairs,0.5483870967741935,0.6376811594202898,0.402004080735459,-0.1818866170756742,NS
gemma2-9b,bbq,0.4523809523809524,0.5344827586206896,0.4223524818470422,-0.16308976397180075,NS
